[{
  "request": {
    "uri": {
      "match": ".*/api/transfers"
    },
    "queries": {
      "from": {
        "match": ".*"
      }
    },
    "method": "get"
  },
  "response": {
    "file": "./resources/transfers.out.json",
    "latency": 200
  }
}, {
  "request": {
    "uri": {
      "match": ".*/api/transfers"
    },
    "queries": {
      "to": {
        "match": ".*"
      }
    },
    "method": "get"
  },
  "response": {
    "file": "./resources/transfers.in.json",
    "latency": 200
  }
}, {
  "request": {
    "uri": {
      "match": ".*/api/transfers/from/.*"
    },
    "method": "get"
  },
  "response": {
    "file": "./resources/transfers.out.json",
    "latency": 200
  }
}, {
  "request": {
    "uri": {
      "match": ".*/api/transfers/to/.*"
    },
    "method": "get"
  },
  "response": {
    "file": "./resources/transfers.in.json",
    "latency": 200
  }
}, {
  "request": {
    "uri": {
      "match": ".*/api/transfers/\\d*[13579]/accept/by/.*"
    },
    "method": "post"
  },
  "response": {
    "status": "200",
    "file": "./resources/transfers.accept.json",
    "latency": 200
  }
}, {
  "request": {
    "uri": {
      "match": ".*/api/transfers/\\d*[02468]/accept/by/.*"
    },
    "method": "post"
  },
  "response": {
    "status": "400",
    "file": "./resources/transfers.error.json",
    "latency": 200
  }
}, {
  "request": {
    "uri": {
      "match": ".*/api/transfers/\\d*[13579]/reject/by/.*"
    },
    "method": "post"
  },
  "response": {
    "status": "200",
    "file": "./resources/transfers.reject.json",
    "latency": 200
  }
}, {
  "request": {
    "uri": {
      "match": ".*/api/transfers/\\d*[13579]/reject/by/.*"
    },
    "method": "post"
  },
  "response": {
    "status": "400",
    "latency": 200
  }
}, {
  "request": {
    "uri": {
      "match": ".*/api/transfers/schedule/.*/to/.*"
    },
    "method": "post"
  },
  "response": {
    "status": "204",
    "latency": 1000
  }
}]
