[{
  "request": {
    "uri": {
      "match": ".*/api/settings/filters.*"
    },
    "method": "get"
  },
  "response": {
    "file": "./resources/filters.json"
  }
}, {
  "request": {
    "uri": {
      "match": ".*/api/settings/filters"
    },
    "method": "post"
  },
  "response": {
    "status": "204"
  }
}, {
  "request": {
    "uri": {
      "match": ".*/api/settings/clients/.*"
    },
    "method": "post"
  },
  "response": {
    "status": "204"
  }
}, {
  "request": {
    "uri": {
      "match": ".*/api/settings/clients.*"
    },
    "method": "get"
  },
  "response": {
    "file": "./resources/settings-clients-bbh.json"
  }
}, {
  "request": {
    "uri": {
      "match": ".*/api/users/search"
    },
    "method": "get",
    "queries": {
      "q": "BS7"
    }
  },
  "response": {
    "file": "./resources/users-bs7.json"
  }
}, {
  "request": {
    "uri": {
      "match": ".*/api/users/search"
    },
    "method": "get",
    "queries": {
      "q": "NJ9"
    }
  },
  "response": {
    "file": "./resources/users-nj9.json"
  }
}, {
  "request": {
    "uri": {
      "match": ".*/api/users/search"
    },
    "method": "get",
    "queries": {
      "q": "BBH"
    }
  },
  "response": {
    "status": "404"
  }
}, {
  "request": {
    "uri": {
      "match": ".*/api/users/search"
    },
    "method": "get",
    "queries": {
      "q": "ABC"
    }
  },
  "response": {
    "file": "./resources/users-empty.json"
  }
}, {
  "request": {
    "uri": "/api/clients/search",
    "method": "get",
    "queries": {
      "q": "bbh"
    }
  },
  "response": {
    "file": "./resources/clients-bbh.json"
  }
}, {
  "request": {
    "uri": "/api/credential",
    "method": "get"
  },
  "response": {
    "file": "./resources/credential.json"
  }
}, {
  "request": {
    "uri": {
      "match": ".*/api/schedules/.*"
    },
    "method": "post"
  },
  "response": {
    "file": "./resources/schedules.json",
    "latency": 200
  }
}, {
  "request": {
    "uri": {
      "match": ".*/api/schedules/clients/.*"
    },
    "method": "post"
  },
  "response": {
    "file": "./resources/schedules.json",
    "latency": 200
  }
}, {
  "request": {
    "uri": "/api/schedules/17920/run",
    "method": "post"
  },
  "response": {
    "status": "204"
  }
}, {
  "request": {
    "uri": {
      "match": "/reportoutput/\\d*?[02468]/file"
    },
    "method": "get"
  },
  "response": {
    "headers": {
      "Content-Disposition": "attachment; filename=\"report.txt\""
    },
    "latency": 1000
  }
}, {
  "request": {
    "uri": {
      "match": "/reportoutput/\\d*?[13579]/file"
    },
    "method": "get"
  },
  "response": {
    "file": "./resources/downloadError.html",
    "latency": 1000
  }
}, {
  "request": {
    "uri": {
      "match": ".*/api/reportcriteria/\\d*"
    },
    "method": "get"
  },
  "response": {
    "file": "./resources/reportCriteria.json"
  }
}, {
  "request": {
    "uri": {
      "match": ".*/api/schedules/\\d*/upcomingruntimes"
    },
    "method": "get"
  },
  "response": {
    "file": "./resources/upcoming-runtimes.json",
    "latency": 1000
  }
}]
