[{"id":"BBH1","name":"Brown Brothers Harriman"},{"id":"BBH10","name":"Brown Brothers Harriman 10"},{"id":"BBH11","name":"BBH Hong Kong"},{"id":"BBH13","name":"BBH External Client For Systems"},{"id":"BBH14","name":"Denver Office"},{"id":"BBH15","name":"BBH Gurgaon Office"},{"id":"BBH16","name":"BBH Poland"},{"id":"BBH2","name":"BBH Investor Services"},{"id":"BBH3","name":"BBH New York"},{"id":"BBH4","name":"BBH GCAAS"},{"id":"BBH5","name":"BBH London"},{"id":"BBH6","name":"BBH Zurich"},{"id":"BBH7","name":"BBH Tokyo"},{"id":"BBH8","name":"BBH Private Client"},{"id":"BBH9","name":"BBH Chicago Office"},{"id":"BBHAUSTRAL","name":"BBH Consultant Australia"},{"id":"BBHCA","name":"BBH Corporate Actions"},{"id":"BBHCIE","name":"CIE Seclending Dashboard Testing as External ID"},{"id":"BBHFX","name":"bbh"},{"id":"BBHNONEMP","name":"Vendor Cons Temps ONLY with No PSoft IDs"},{"id":"BBHP","name":"BBH IMS Private Client Wealth Management"},{"id":"BBHR","name":"BBH R & A"},{"id":"BBHX","name":"BBH Security Test Client 2nd ID "},{"id":"BBHY","name":"BBHY ISM test ID"},{"id":"BBHZ","name":"ZSecurity dummy ID"},{"id":"BBTS","name":"BBH Trustee Services Ireland"},{"id":"BHCO","name":"BBH Charlotte Office  North Carolina"},{"id":"BHPB","name":"BBH Palm Beach Office"},{"id":"BHPH","name":"BBH Philadephia Office"},{"id":"BHTX","name":"BBH Dallas Office"},{"id":"CAYM","name":"BBH Cayman Islands"},{"id":"DUBI","name":"BBH Dublin"},{"id":"LUXI","name":"BBH Luxembourg"},{"id":"TEAM0","name":"BBH GCAAS  Fund Accounting Team 0"},{"id":"TEMC","name":"BBH GCAAS  Seneca Chief Team C"},{"id":"TEMF","name":"BBH GCAAS  Liberty Team F"},{"id":"TEMG","name":"BBH GCAAS  Columbia Team G"},{"id":"TEMI","name":"BBH GCAAS  Sea King Team I"},{"id":"TEMJ","name":"BBH GCAAS  Alexander Team J"},{"id":"WLMG01","name":"BBH MUGC Internal User"}]