{"filters":[{"id":"reportName","title":"Report name","displayOrder":0,"filter":"","isSortable":true,"sortOrder":0},{"id":"reportCategory","sortWith":"reportCategory","filterWith":"reportCategoryId","title":"Report category","displayOrder":1,"filter":null,"isSortable":true,"sortOrder":0},{"id":"reportType","sortWith":"reportType","filterWith":"reportTypeCode","title":"Report type","displayOrder":2,"filter":null,"isSortable":true,"sortOrder":0},{"id":"createdBy","sortWith":"createdById","filterWith":"createdById","title":"Created by","displayOrder":4,"filter":null,"isSortable":true,"sortOrder":0},{"id":"reportOwner","sortWith":"reportOwnerId","title":"Report owner","displayOrder":3,"filter":null,"isSortable":true,"sortOrder":0},{"id":"modifiedBy","sortWith":"modifiedById","filterWith":"modifiedById","title":"Modified by","displayOrder":5,"filter":null,"isSortable":true,"sortOrder":0},{"id":"frequency","title":"Frequency","displayOrder":6,"filter":null,"isSortable":true,"sortOrder":0},{"id":"trigger","title":"Trigger","displayOrder":7,"filter":null,"isSortable":true,"sortOrder":0},{"id":"distributionList","title":"Distribution list","displayOrder":8,"filter":null,"isSortable":true,"sortOrder":0},{"id":"lastExecution","title":"Last execution","displayOrder":9,"filter":null,"isSortable":true,"sortOrder":0},{"id":"distributionFormat","title":"Delivery","displayOrder":10,"filter":null,"isSortable":false,"sortOrder":0},{"id":"clients","sortWith":"clientId","filterWith":"clientId","title":"Client","displayOrder":11,"filter":null,"isSortable":true,"sortOrder":0},{"id":"reportExpiry","title":"Report expiry","displayOrder":12,"filter":null,"isSortable":true,"sortOrder":0}]}
