{
  "page": 1,
  "total": 221,
  "schedules": [{
    "id": 17920,
    "reportName": "TWE PDF",
    "reportType": "Tax Withholding Elections",
    "lastExecution": "2014-04-29T20:00:22Z",
    "clientId": "BBH1",
    "clientName": "Brown Brothers Harriman",
    "createdById": "NY31415",
    "createdByName": "Sally Brown",
    "distributionFormat": ["ATTACHMENT"],
    "frequencyDetail": {
      "scheduleType": "WEEKLY",
      "startTime": "14:24",
      "intradayStartTime": null,
      "intradayEndTime": null,
      "intradayInterval": 0,
      "intradayPeriod": null,
      "weekDay": "TUESDAY,WEDNESDAY,THURSDAY,FRIDAY,MONDAY",
      "absMonthDay": 0,
      "weekDaysOnly": false,
      "relativeWeek": null,
      "relativeWeekDay": null,
      "relativeMonth": null,
      "absMonth": null,
      "frequency": 1,
      "dailyPeriod": null
    },
    "modifiedById": null,
    "modifiedByName": null,
    "reportExpiry": "2014-09-18T04:00:00Z",
    "distributionList": "sally.brown@bbh.com",
    "reportOwnerId": "NY31415",
    "reportOwnerName": "Sally Brown",
    "lastReportOutputId": 83855,
    "reportCategory": "Corporate Actions (New)",
    "reportCategoryId": "CORPNEW",
    "reportTypeCode": "TXLXN",
    "editUrl": null,
    "timezoneCode" : "US/Eastern"
  }, {
    "id": 24361,
    "reportName": "TAX",
    "reportType": "Tax Withholding Elections",
    "lastExecution": "2014-07-07T19:00:05Z",
    "clientId": "BBH1",
    "clientName": "Brown Brothers Harriman",
    "createdById": null,
    "createdByName": null,
    "distributionFormat": ["ATTACHMENT"],
    "frequencyDetail": {
      "scheduleType": "WEEKLY",
      "startTime": "14:24",
      "intradayStartTime": null,
      "intradayEndTime": null,
      "intradayInterval": 0,
      "intradayPeriod": null,
      "weekDay": "TUESDAY,WEDNESDAY,THURSDAY,FRIDAY,MONDAY",
      "absMonthDay": 0,
      "weekDaysOnly": false,
      "relativeWeek": null,
      "relativeWeekDay": null,
      "relativeMonth": null,
      "absMonth": null,
      "frequency": 1,
      "dailyPeriod": null
    },
    "modifiedById": null,
    "modifiedByName": null,
    "reportExpiry": "2014-12-04T05:00:00Z",
    "distributionList": "sally.brown@bbh.com",
    "reportOwnerId": "NY31415",
    "reportOwnerName": "Sally Brown",
    "lastReportOutputId": 95409,
    "reportCategory": "Corporate Actions (New)",
    "reportCategoryId": "CORPNEW",
    "reportTypeCode": "TXLXN",
    "editUrl": "https://rdwebportal.bbh.com/bbh/portal/TransactionReporting?redirectAppURL=https://rdweb.bbh.com/TransactionReporting?favoriteId=LP Test Dashboard Favorite",
    "timezoneCode" : "US/Eastern"
  }, {
    "id": 17534,
    "reportName": "TAX WITH DATAFILE",
    "reportType": "Tax Withholding Elections",
    "lastExecution": "2014-04-29T20:30:16Z",
    "clientId": "BBH1",
    "clientName": "Brown Brothers Harriman",
    "createdById": "NY31415",
    "createdByName": "Sally Brown",
    "distributionFormat": ["ATTACHMENT"],
    "frequencyDetail": {
      "scheduleType": "WEEKLY",
      "startTime": "15:49",
      "intradayStartTime": null,
      "intradayEndTime": null,
      "intradayInterval": 0,
      "intradayPeriod": null,
      "weekDay": "WEDNESDAY,FRIDAY,MONDAY",
      "absMonthDay": 0,
      "weekDaysOnly": false,
      "relativeWeek": null,
      "relativeWeekDay": null,
      "relativeMonth": null,
      "absMonth": null,
      "frequency": 1,
      "dailyPeriod": null
    },
    "modifiedById": "NY31415",
    "modifiedByName": "Sally Brown",
    "reportExpiry": "2014-09-24T04:00:00Z",
    "distributionList": "sally.brown@bbh.com",
    "reportOwnerId": "NY31415",
    "reportOwnerName": "Sally Brown",
    "lastReportOutputId": 83878,
    "reportCategory": "Corporate Actions (New)",
    "reportCategoryId": "CORPNEW",
    "reportTypeCode": "TXLXN",
    "editUrl": "https://rdwebportal.bbh.com/bbh/portal/TransactionReporting?redirectAppURL=https://rdweb.bbh.com/TransactionReporting?favoriteId=LP Test Dashboard Favorite",
    "timezoneCode" : "US/Eastern"
  }, {
    "id": 17533,
    "reportName": "TAX WITH PDF",
    "reportType": "Tax Withholding Elections",
    "lastExecution": "2014-04-29T20:30:14Z",
    "clientId": "BBH1",
    "clientName": "Brown Brothers Harriman",
    "createdById": "NY31415",
    "createdByName": "Sally Brown",
    "distributionFormat": ["ATTACHMENT"],
    "frequencyDetail": {
      "scheduleType": "WEEKLY",
      "startTime": "17:00",
      "intradayStartTime": null,
      "intradayEndTime": null,
      "intradayInterval": 0,
      "intradayPeriod": null,
      "weekDay": "TUESDAY,WEDNESDAY,THURSDAY,FRIDAY,MONDAY",
      "absMonthDay": 0,
      "weekDaysOnly": false,
      "relativeWeek": null,
      "relativeWeekDay": null,
      "relativeMonth": null,
      "absMonth": null,
      "frequency": 1,
      "dailyPeriod": null
    },
    "modifiedById": "NY31415",
    "modifiedByName": "Sally Brown",
    "reportExpiry": "2014-09-24T04:00:00Z",
    "distributionList": "sally.brown@bbh.com",
    "reportOwnerId": "NY31415",
    "reportOwnerName": "Sally Brown",
    "lastReportOutputId": 83877,
    "reportCategory": "Corporate Actions (New)",
    "reportCategoryId": "CORPNEW",
    "reportTypeCode": "TXLXN",
    "editUrl": "https://rdwebportal.bbh.com/bbh/portal/TransactionReporting?redirectAppURL=https://rdweb.bbh.com/TransactionReporting?favoriteId=LP Test Dashboard Favorite",
    "timezoneCode" : "US/Eastern"
  }, {
    "id": 23363,
    "reportName": "FX SI EXPORT HERITAGE",
    "reportType": "FX Standing Instructions",
    "lastExecution": "2014-04-29T20:30:12Z",
    "clientId": "BBH1",
    "clientName": "Brown Brothers Harriman",
    "createdById": "NY31415",
    "createdByName": "Sally Brown",
    "distributionFormat": ["ATTACHMENT"],
    "frequencyDetail": {
      "scheduleType": "WEEKLY",
      "startTime": "15:49",
      "intradayStartTime": null,
      "intradayEndTime": null,
      "intradayInterval": 0,
      "intradayPeriod": null,
      "weekDay": "WEDNESDAY,FRIDAY,MONDAY",
      "absMonthDay": 0,
      "weekDaysOnly": false,
      "relativeWeek": null,
      "relativeWeekDay": null,
      "relativeMonth": null,
      "absMonth": null,
      "frequency": 1,
      "dailyPeriod": null
    },
    "modifiedById": null,
    "modifiedByName": null,
    "reportExpiry": "2014-09-25T04:00:00Z",
    "distributionList": "sally.brown@bbh.com",
    "reportOwnerId": "NY31415",
    "reportOwnerName": "Sally Brown",
    "lastReportOutputId": 83879,
    "reportCategory": "Corporate Actions (New)",
    "reportCategoryId": "CORPNEW",
    "reportTypeCode": "FXSTDINST",
    "editUrl": "https://rdwebportal.bbh.com/bbh/portal/TransactionReporting?redirectAppURL=https://rdweb.bbh.com/TransactionReporting?favoriteId=LP Test Dashboard Favorite",
    "timezoneCode" : "US/Eastern"
  }, {
    "id": 23362,
    "reportName": "FX SI",
    "reportType": "FX Standing Instructions",
    "lastExecution": "2014-04-29T20:30:16Z",
    "clientId": "BBH1",
    "clientName": "Brown Brothers Harriman",
    "createdById": "NY31415",
    "createdByName": "Sally Brown",
    "distributionFormat": ["ATTACHMENT"],
    "frequencyDetail": {
      "scheduleType": "WEEKLY",
      "startTime": "17:00",
      "intradayStartTime": null,
      "intradayEndTime": null,
      "intradayInterval": 0,
      "intradayPeriod": null,
      "weekDay": "TUESDAY,WEDNESDAY,THURSDAY,FRIDAY,MONDAY",
      "absMonthDay": 0,
      "weekDaysOnly": false,
      "relativeWeek": null,
      "relativeWeekDay": null,
      "relativeMonth": null,
      "absMonth": null,
      "frequency": 1,
      "dailyPeriod": null
    },
    "modifiedById": "NY31415",
    "modifiedByName": "Sally Brown",
    "reportExpiry": "2014-09-25T04:00:00Z",
    "distributionList": "sally.brown@bbh.com",
    "reportOwnerId": "NY31415",
    "reportOwnerName": "Sally Brown",
    "lastReportOutputId": 83875,
    "reportCategory": "Corporate Actions (New)",
    "reportCategoryId": "CORPNEW",
    "reportTypeCode": "FXSTDINST",
    "editUrl": "https://rdwebportal.bbh.com/bbh/portal/TransactionReporting?redirectAppURL=https://rdweb.bbh.com/TransactionReporting?favoriteId=LP Test Dashboard Favorite",
    "timezoneCode" : "US/Eastern"
  }, {
    "id": 17916,
    "reportName": "RSI EXPORT",
    "reportType": "Response Standing Instructions",
    "lastExecution": "2014-04-30T16:30:13Z",
    "clientId": "BBH1",
    "clientName": "Brown Brothers Harriman",
    "createdById": "NY31415",
    "createdByName": "Sally Brown",
    "distributionFormat": ["ATTACHMENT"],
    "frequencyDetail": {
      "scheduleType": "WEEKLY",
      "startTime": "15:49",
      "intradayStartTime": null,
      "intradayEndTime": null,
      "intradayInterval": 0,
      "intradayPeriod": null,
      "weekDay": "WEDNESDAY,FRIDAY,MONDAY",
      "absMonthDay": 0,
      "weekDaysOnly": false,
      "relativeWeek": null,
      "relativeWeekDay": null,
      "relativeMonth": null,
      "absMonth": null,
      "frequency": 1,
      "dailyPeriod": null
    },
    "modifiedById": null,
    "modifiedByName": null,
    "reportExpiry": "2014-07-17T04:00:00Z",
    "distributionList": "sally.brown@bbh.com",
    "reportOwnerId": "NY31415",
    "reportOwnerName": "Sally Brown",
    "lastReportOutputId": 84206,
    "reportCategory": "Corporate Actions (New)",
    "reportCategoryId": "CORPNEW",
    "reportTypeCode": "RSPSTDINST",
    "editUrl": "https://rdwebportal.bbh.com/bbh/portal/TransactionReporting?redirectAppURL=https://rdweb.bbh.com/TransactionReporting?favoriteId=LP Test Dashboard Favorite",
    "timezoneCode" : "US/Eastern"
  }, {
    "id": 17528,
    "reportName": "RESP SI DATA",
    "reportType": "Response Standing Instructions",
    "lastExecution": "2014-04-29T20:00:25Z",
    "clientId": "BBH1",
    "clientName": "Brown Brothers Harriman",
    "createdById": "NY31415",
    "createdByName": "Sally Brown",
    "distributionFormat": ["ATTACHMENT"],
    "frequencyDetail": {
      "scheduleType": "WEEKLY",
      "startTime": "17:00",
      "intradayStartTime": null,
      "intradayEndTime": null,
      "intradayInterval": 0,
      "intradayPeriod": null,
      "weekDay": "TUESDAY,WEDNESDAY,THURSDAY,FRIDAY,MONDAY",
      "absMonthDay": 0,
      "weekDaysOnly": false,
      "relativeWeek": null,
      "relativeWeekDay": null,
      "relativeMonth": null,
      "absMonth": null,
      "frequency": 1,
      "dailyPeriod": null
    },
    "modifiedById": "NY31415",
    "modifiedByName": "Sally Brown",
    "reportExpiry": "2014-09-24T04:00:00Z",
    "distributionList": "sally.brown@bbh.com",
    "reportOwnerId": "NY31415",
    "reportOwnerName": "Sally Brown",
    "lastReportOutputId": 83856,
    "reportCategory": "Corporate Actions (New)",
    "reportCategoryId": "CORPNEW",
    "reportTypeCode": "RSPSTDINST",
    "editUrl": "https://rdwebportal.bbh.com/bbh/portal/TransactionReporting?redirectAppURL=https://rdweb.bbh.com/TransactionReporting?favoriteId=LP Test Dashboard Favorite",
    "timezoneCode" : "US/Eastern"
  }, {
    "id": 17527,
    "reportName": "RESP SI PDF",
    "reportType": "Response Standing Instructions",
    "lastExecution": "2014-04-29T20:00:28Z",
    "clientId": "BBH1",
    "clientName": "Brown Brothers Harriman",
    "createdById": "NY31415",
    "createdByName": "Sally Brown",
    "distributionFormat": ["ATTACHMENT"],
    "frequencyDetail": {
      "scheduleType": "WEEKLY",
      "startTime": "15:49",
      "intradayStartTime": null,
      "intradayEndTime": null,
      "intradayInterval": 0,
      "intradayPeriod": null,
      "weekDay": "WEDNESDAY,FRIDAY,MONDAY",
      "absMonthDay": 0,
      "weekDaysOnly": false,
      "relativeWeek": null,
      "relativeWeekDay": null,
      "relativeMonth": null,
      "absMonth": null,
      "frequency": 1,
      "dailyPeriod": null
    },
    "modifiedById": "NY31415",
    "modifiedByName": "Sally Brown",
    "reportExpiry": "2014-09-24T04:00:00Z",
    "distributionList": "sally.brown@bbh.com",
    "reportOwnerId": "NY31415",
    "reportOwnerName": "Sally Brown",
    "lastReportOutputId": 83854,
    "reportCategory": "Corporate Actions (New)",
    "reportCategoryId": "CORPNEW",
    "reportTypeCode": "RSPSTDINST",
    "editUrl": "https://rdwebportal.bbh.com/bbh/portal/TransactionReporting?redirectAppURL=https://rdweb.bbh.com/TransactionReporting?favoriteId=LP Test Dashboard Favorite",
    "timezoneCode" : "US/Eastern"
  }, {
    "id": 17915,
    "reportName": "RSI PDF",
    "reportType": "Response Standing Instructions",
    "lastExecution": "2014-04-30T16:31:44Z",
    "clientId": "BBH1",
    "clientName": "Brown Brothers Harriman",
    "createdById": "NY31415",
    "createdByName": "Sally Brown",
    "distributionFormat": ["ATTACHMENT"],
    "frequencyDetail": {
      "scheduleType": "WEEKLY",
      "startTime": "17:00",
      "intradayStartTime": null,
      "intradayEndTime": null,
      "intradayInterval": 0,
      "intradayPeriod": null,
      "weekDay": "TUESDAY,WEDNESDAY,THURSDAY,FRIDAY,MONDAY",
      "absMonthDay": 0,
      "weekDaysOnly": false,
      "relativeWeek": null,
      "relativeWeekDay": null,
      "relativeMonth": null,
      "absMonth": null,
      "frequency": 1,
      "dailyPeriod": null
    },
    "modifiedById": "NY31415",
    "modifiedByName": "Sally Brown",
    "reportExpiry": "2014-09-24T04:00:00Z",
    "distributionList": "sally.brown@bbh.com",
    "reportOwnerId": "NY31415",
    "reportOwnerName": "Sally Brown",
    "lastReportOutputId": 84207,
    "reportCategory": "Corporate Actions (New)",
    "reportCategoryId": "CORPNEW",
    "reportTypeCode": "RSPSTDINST",
    "editUrl": "https://rdwebportal.bbh.com/bbh/portal/TransactionReporting?redirectAppURL=https://rdweb.bbh.com/TransactionReporting?favoriteId=LP Test Dashboard Favorite",
    "timezoneCode" : "US/Eastern"
  }, {
    "id": 17908,
    "reportName": "PD PR EXPORT N20 0",
    "reportType": "Past Due Receivable/Payable",
    "lastExecution": "2014-03-24T14:00:08Z",
    "clientId": "BBH1",
    "clientName": "Brown Brothers Harriman",
    "createdById": "NY31415",
    "createdByName": "Sally Brown",
    "distributionFormat": ["ATTACHMENT"],
    "frequencyDetail": {
      "scheduleType": "WEEKLY",
      "startTime": "15:49",
      "intradayStartTime": null,
      "intradayEndTime": null,
      "intradayInterval": 0,
      "intradayPeriod": null,
      "weekDay": "WEDNESDAY,FRIDAY,MONDAY",
      "absMonthDay": 0,
      "weekDaysOnly": false,
      "relativeWeek": null,
      "relativeWeekDay": null,
      "relativeMonth": null,
      "absMonth": null,
      "frequency": 1,
      "dailyPeriod": null
    },
    "modifiedById": null,
    "modifiedByName": null,
    "reportExpiry": "2014-07-17T04:00:00Z",
    "distributionList": "sally.brown@bbh.com",
    "reportOwnerId": "NY31415",
    "reportOwnerName": "Sally Brown",
    "lastReportOutputId": 69264,
    "reportCategory": "Corporate Actions (New)",
    "reportCategoryId": "CORPNEW",
    "reportTypeCode": "PDRECPAY",
    "editUrl": "https://rdwebportal.bbh.com/bbh/portal/TransactionReporting?redirectAppURL=https://rdweb.bbh.com/TransactionReporting?favoriteId=LP Test Dashboard Favorite",
    "timezoneCode" : "US/Eastern"
  }, {
    "id": 17907,
    "reportName": "PD PR PDF N20 0",
    "reportType": "Past Due Receivable/Payable",
    "lastExecution": "2014-03-24T14:00:04Z",
    "clientId": "BBH1",
    "clientName": "Brown Brothers Harriman",
    "createdById": "NY31415",
    "createdByName": "Sally Brown",
    "distributionFormat": ["ATTACHMENT"],
    "frequencyDetail": {
      "scheduleType": "WEEKLY",
      "startTime": "17:00",
      "intradayStartTime": null,
      "intradayEndTime": null,
      "intradayInterval": 0,
      "intradayPeriod": null,
      "weekDay": "TUESDAY,WEDNESDAY,THURSDAY,FRIDAY,MONDAY",
      "absMonthDay": 0,
      "weekDaysOnly": false,
      "relativeWeek": null,
      "relativeWeekDay": null,
      "relativeMonth": null,
      "absMonth": null,
      "frequency": 1,
      "dailyPeriod": null
    },
    "modifiedById": null,
    "modifiedByName": null,
    "reportExpiry": "2014-07-17T04:00:00Z",
    "distributionList": "sally.brown@bbh.com",
    "reportOwnerId": "NY31415",
    "reportOwnerName": "Sally Brown",
    "lastReportOutputId": 69263,
    "reportCategory": "Corporate Actions (New)",
    "reportCategoryId": "CORPNEW",
    "reportTypeCode": "PDRECPAY",
    "editUrl": "https://rdwebportal.bbh.com/bbh/portal/TransactionReporting?redirectAppURL=https://rdweb.bbh.com/TransactionReporting?favoriteId=LP Test Dashboard Favorite",
    "timezoneCode" : "US/Eastern"
  }, {
    "id": 17522,
    "reportName": "PD EXPORT",
    "reportType": "Past Due Receivable/Payable",
    "lastExecution": "2013-12-23T20:00:05Z",
    "clientId": "BBH1",
    "clientName": "Brown Brothers Harriman",
    "createdById": "NY31415",
    "createdByName": "Sally Brown",
    "distributionFormat": ["ATTACHMENT"],
    "frequencyDetail": {
      "scheduleType": "WEEKLY",
      "startTime": "17:00",
      "intradayStartTime": null,
      "intradayEndTime": null,
      "intradayInterval": 0,
      "intradayPeriod": null,
      "weekDay": "TUESDAY,WEDNESDAY,THURSDAY,FRIDAY,MONDAY",
      "absMonthDay": 0,
      "weekDaysOnly": false,
      "relativeWeek": null,
      "relativeWeekDay": null,
      "relativeMonth": null,
      "absMonth": null,
      "frequency": 1,
      "dailyPeriod": null
    },
    "modifiedById": "NY31415",
    "modifiedByName": "Sally Brown",
    "reportExpiry": "2014-09-24T04:00:00Z",
    "distributionList": "sally.brown@bbh.com",
    "reportOwnerId": "NY31415",
    "reportOwnerName": "Sally Brown",
    "lastReportOutputId": 0,
    "reportCategory": "Corporate Actions (New)",
    "reportCategoryId": "CORPNEW",
    "reportTypeCode": "PDRECPAY",
    "editUrl": "https://rdwebportal.bbh.com/bbh/portal/TransactionReporting?redirectAppURL=https://rdweb.bbh.com/TransactionReporting?favoriteId=LP Test Dashboard Favorite",
    "timezoneCode" : "US/Eastern"
  }, {
    "id": 17521,
    "reportName": "PD PDF",
    "reportType": "Past Due Receivable/Payable",
    "lastExecution": "2013-12-23T20:00:05Z",
    "clientId": "BBH1",
    "clientName": "Brown Brothers Harriman",
    "createdById": "NY31415",
    "createdByName": "Sally Brown",
    "distributionFormat": ["ATTACHMENT"],
    "frequencyDetail": {
      "scheduleType": "WEEKLY",
      "startTime": "15:49",
      "intradayStartTime": null,
      "intradayEndTime": null,
      "intradayInterval": 0,
      "intradayPeriod": null,
      "weekDay": "WEDNESDAY,FRIDAY,MONDAY",
      "absMonthDay": 0,
      "weekDaysOnly": false,
      "relativeWeek": null,
      "relativeWeekDay": null,
      "relativeMonth": null,
      "absMonth": null,
      "frequency": 1,
      "dailyPeriod": null
    },
    "modifiedById": "NY31415",
    "modifiedByName": "Sally Brown",
    "reportExpiry": "2014-09-24T04:00:00Z",
    "distributionList": "sally.brown@bbh.com",
    "reportOwnerId": "NY31415",
    "reportOwnerName": "Sally Brown",
    "lastReportOutputId": 0,
    "reportCategory": "Corporate Actions (New)",
    "reportCategoryId": "CORPNEW",
    "reportTypeCode": "PDRECPAY",
    "editUrl": "https://rdwebportal.bbh.com/bbh/portal/TransactionReporting?redirectAppURL=https://rdweb.bbh.com/TransactionReporting?favoriteId=LP Test Dashboard Favorite",
    "timezoneCode" : "US/Eastern"
  }, {
    "id": 17903,
    "reportName": "FR N31 P20 EXPORT",
    "reportType": "Factor Research",
    "lastExecution": "2014-04-29T21:30:05Z",
    "clientId": "BBH1",
    "clientName": "Brown Brothers Harriman",
    "createdById": "NY31415",
    "createdByName": "Sally Brown",
    "distributionFormat": ["ATTACHMENT"],
    "frequencyDetail": {
      "scheduleType": "WEEKLY",
      "startTime": "17:00",
      "intradayStartTime": null,
      "intradayEndTime": null,
      "intradayInterval": 0,
      "intradayPeriod": null,
      "weekDay": "TUESDAY,WEDNESDAY,THURSDAY,FRIDAY,MONDAY",
      "absMonthDay": 0,
      "weekDaysOnly": false,
      "relativeWeek": null,
      "relativeWeekDay": null,
      "relativeMonth": null,
      "absMonth": null,
      "frequency": 1,
      "dailyPeriod": null
    },
    "modifiedById": null,
    "modifiedByName": null,
    "reportExpiry": "2014-07-16T04:00:00Z",
    "distributionList": "sally.brown@bbh.com",
    "reportOwnerId": "NY31415",
    "reportOwnerName": "Sally Brown",
    "lastReportOutputId": 83894,
    "reportCategory": "Corporate Actions (New)",
    "reportCategoryId": "CORPNEW",
    "reportTypeCode": "FACTOR",
    "editUrl": "https://rdwebportal.bbh.com/bbh/portal/TransactionReporting?redirectAppURL=https://rdweb.bbh.com/TransactionReporting?favoriteId=LP Test Dashboard Favorite",
    "timezoneCode" : "US/Eastern"
  }, {
    "id": 17902,
    "reportName": "FR N31 P20 PDF",
    "reportType": "Factor Research",
    "lastExecution": "2014-04-29T21:30:07Z",
    "clientId": "BBH1",
    "clientName": "Brown Brothers Harriman",
    "createdById": "NY31415",
    "createdByName": "Sally Brown",
    "distributionFormat": ["ATTACHMENT"],
    "frequencyDetail": {
      "scheduleType": "WEEKLY",
      "startTime": "15:49",
      "intradayStartTime": null,
      "intradayEndTime": null,
      "intradayInterval": 0,
      "intradayPeriod": null,
      "weekDay": "WEDNESDAY,FRIDAY,MONDAY",
      "absMonthDay": 0,
      "weekDaysOnly": false,
      "relativeWeek": null,
      "relativeWeekDay": null,
      "relativeMonth": null,
      "absMonth": null,
      "frequency": 1,
      "dailyPeriod": null
    },
    "modifiedById": "NY31415",
    "modifiedByName": "Sally Brown",
    "reportExpiry": "2014-09-25T04:00:00Z",
    "distributionList": "sally.brown@bbh.com",
    "reportOwnerId": "NY31415",
    "reportOwnerName": "Sally Brown",
    "lastReportOutputId": 83895,
    "reportCategory": "Corporate Actions (New)",
    "reportCategoryId": "CORPNEW",
    "reportTypeCode": "FACTOR",
    "editUrl": "https://rdwebportal.bbh.com/bbh/portal/TransactionReporting?redirectAppURL=https://rdweb.bbh.com/TransactionReporting?favoriteId=LP Test Dashboard Favorite",
    "timezoneCode" : "US/Eastern"
  }, {
    "id": 21667,
    "reportName": "ALL FTPTESTING FILE",
    "reportType": "Factor Research",
    "lastExecution": "2014-04-30T15:30:01Z",
    "clientId": "BBH1",
    "clientName": "Brown Brothers Harriman",
    "createdById": "NY31415",
    "createdByName": "Sally Brown",
    "distributionFormat": ["ATTACHMENT", "FTP"],
    "frequencyDetail": {
      "scheduleType": "WEEKLY",
      "startTime": "17:00",
      "intradayStartTime": null,
      "intradayEndTime": null,
      "intradayInterval": 0,
      "intradayPeriod": null,
      "weekDay": "TUESDAY,WEDNESDAY,THURSDAY,FRIDAY,MONDAY",
      "absMonthDay": 0,
      "weekDaysOnly": false,
      "relativeWeek": null,
      "relativeWeekDay": null,
      "relativeMonth": null,
      "absMonth": null,
      "frequency": 1,
      "dailyPeriod": null
    },
    "modifiedById": "NY31415",
    "modifiedByName": "Sally Brown",
    "reportExpiry": null,
    "distributionList": "sally.brown@bbh.com",
    "reportOwnerId": "NY31415",
    "reportOwnerName": "Sally Brown",
    "lastReportOutputId": 84145,
    "reportCategory": "Corporate Actions (New)",
    "reportCategoryId": "CORPNEW",
    "reportTypeCode": "FACTOR",
    "editUrl": "https://rdwebportal.bbh.com/bbh/portal/TransactionReporting?redirectAppURL=https://rdweb.bbh.com/TransactionReporting?favoriteId=LP Test Dashboard Favorite",
    "timezoneCode" : "US/Eastern"
  }, {
    "id": 17439,
    "reportName": "FR PDF",
    "reportType": "Factor Research",
    "lastExecution": "2014-04-29T20:30:13Z",
    "clientId": "BBH1",
    "clientName": "Brown Brothers Harriman",
    "createdById": "NY31415",
    "createdByName": "Sally Brown",
    "distributionFormat": ["ATTACHMENT"],
    "frequencyDetail": {
      "scheduleType": "WEEKLY",
      "startTime": "15:49",
      "intradayStartTime": null,
      "intradayEndTime": null,
      "intradayInterval": 0,
      "intradayPeriod": null,
      "weekDay": "WEDNESDAY,FRIDAY,MONDAY",
      "absMonthDay": 0,
      "weekDaysOnly": false,
      "relativeWeek": null,
      "relativeWeekDay": null,
      "relativeMonth": null,
      "absMonth": null,
      "frequency": 1,
      "dailyPeriod": null
    },
    "modifiedById": "NY31415",
    "modifiedByName": "Sally Brown",
    "reportExpiry": "2014-09-24T04:00:00Z",
    "distributionList": "sally.brown@bbh.com",
    "reportOwnerId": "NY31415",
    "reportOwnerName": "Sally Brown",
    "lastReportOutputId": 83874,
    "reportCategory": "Corporate Actions (New)",
    "reportCategoryId": "CORPNEW",
    "reportTypeCode": "FACTOR",
    "editUrl": "https://rdwebportal.bbh.com/bbh/portal/TransactionReporting?redirectAppURL=https://rdweb.bbh.com/TransactionReporting?favoriteId=LP Test Dashboard Favorite",
    "timezoneCode" : "US/Eastern"
  }, {
    "id": 17918,
    "reportName": "RSTAT EXPORT",
    "reportType": "Response Status",
    "lastExecution": "2014-04-30T16:30:30Z",
    "clientId": "BBH1",
    "clientName": "Brown Brothers Harriman",
    "createdById": "NY31415",
    "createdByName": "Sally Brown",
    "distributionFormat": ["ATTACHMENT"],
    "frequencyDetail": {
      "scheduleType": "WEEKLY",
      "startTime": "15:49",
      "intradayStartTime": null,
      "intradayEndTime": null,
      "intradayInterval": 0,
      "intradayPeriod": null,
      "weekDay": "WEDNESDAY,FRIDAY,MONDAY",
      "absMonthDay": 0,
      "weekDaysOnly": false,
      "relativeWeek": null,
      "relativeWeekDay": null,
      "relativeMonth": null,
      "absMonth": null,
      "frequency": 1,
      "dailyPeriod": null
    },
    "modifiedById": null,
    "modifiedByName": null,
    "reportExpiry": "2014-07-17T04:00:00Z",
    "distributionList": "sally.brown@bbh.com",
    "reportOwnerId": "NY31415",
    "reportOwnerName": "Sally Brown",
    "lastReportOutputId": 84188,
    "reportCategory": "Corporate Actions (New)",
    "reportCategoryId": "CORPNEW",
    "reportTypeCode": "RESSTAT",
    "editUrl": "https://rdwebportal.bbh.com/bbh/portal/TransactionReporting?redirectAppURL=https://rdweb.bbh.com/TransactionReporting?favoriteId=LP Test Dashboard Favorite",
    "timezoneCode" : "US/Eastern"
  }, {
    "id": 17917,
    "reportName": "RSTAT PDF",
    "reportType": "Response Status",
    "lastExecution": "2014-04-30T16:30:27Z",
    "clientId": "BBH1",
    "clientName": "Brown Brothers Harriman",
    "createdById": "NY31415",
    "createdByName": "Sally Brown",
    "distributionFormat": ["ATTACHMENT"],
    "frequencyDetail": {
      "scheduleType": "WEEKLY",
      "startTime": "15:49",
      "intradayStartTime": null,
      "intradayEndTime": null,
      "intradayInterval": 0,
      "intradayPeriod": null,
      "weekDay": "WEDNESDAY,FRIDAY,MONDAY",
      "absMonthDay": 0,
      "weekDaysOnly": false,
      "relativeWeek": null,
      "relativeWeekDay": null,
      "relativeMonth": null,
      "absMonth": null,
      "frequency": 1,
      "dailyPeriod": null
    },
    "modifiedById": null,
    "modifiedByName": null,
    "reportExpiry": "2014-07-17T04:00:00Z",
    "distributionList": "sally.brown@bbh.com",
    "reportOwnerId": "NY31415",
    "reportOwnerName": "Sally Brown",
    "lastReportOutputId": 84184,
    "reportCategory": "Corporate Actions (New)",
    "reportCategoryId": "CORPNEW",
    "reportTypeCode": "RESSTAT",
    "editUrl": "https://rdwebportal.bbh.com/bbh/portal/TransactionReporting?redirectAppURL=https://rdweb.bbh.com/TransactionReporting?favoriteId=LP Test Dashboard Favorite",
    "timezoneCode" : "US/Eastern"
  }]
}
