{
  "transfers": [{
    "id": 101,
    "scheduleId": 17920,
    "reportName": "TWE PDF",
    "requestedOn": "2015-04-29T20:00:22Z",
    "requestExpiry": "2015-05-29T20:00:22Z",
    "initiatorId": "NY31415",
    "initiatorName": "Initiator",
    "receiverId": "BS74011",
    "receiverName": "Receiver",
    "reportOwnerId": "NY31415",
    "reportOwnerName": "Owner",
    "status": "PENDING"
  }, {
    "id": 102,
    "scheduleId": 24361,
    "reportName": "TAX",
    "requestedOn": "2015-04-29T20:00:22Z",
    "requestExpiry": "2015-05-29T20:00:22Z",
    "initiatorId": "NY31415",
    "initiatorName": "Initiator",
    "receiverId": "BS74011",
    "receiverName": "Receiver",
    "reportOwnerId": "NY31415",
    "reportOwnerName": "Owner",
    "status": "PENDING"
  }, {
    "id": 103,
    "scheduleId": 17534,
    "reportName": "TAX WITH DATAFILE",
    "requestedOn": "2015-04-29T20:00:22Z",
    "requestExpiry": "2015-05-29T20:00:22Z",
    "initiatorId": "NY31415",
    "initiatorName": "Initiator",
    "receiverId": "NJ74011",
    "receiverName": "Receiver",
    "reportOwnerId": "NY31415",
    "reportOwnerName": "Owner",
    "status": "PENDING"
  }, {
    "id": 104,
    "scheduleId": 17533,
    "reportName": "TAX WITH PDF",
    "requestedOn": "2015-04-29T20:00:22Z",
    "requestExpiry": "2015-05-29T20:00:22Z",
    "initiatorId": "NY31415",
    "initiatorName": "Initiator",
    "receiverId": "AA74011",
    "receiverName": "Receiver",
    "reportOwnerId": "NY31415",
    "reportOwnerName": "Owner",
    "status": "PENDING"
  }, {
    "id": 105,
    "scheduleId": 23363,
    "reportName": "FX SI EXPORT HERITAGE",
    "requestedOn": "2015-04-29T20:00:22Z",
    "requestExpiry": "2015-05-29T20:00:22Z",
    "initiatorId": "NY31415",
    "initiatorName": "Initiator",
    "receiverId": "CJ74011",
    "receiverName": "Receiver",
    "reportOwnerId": "NY31415",
    "reportOwnerName": "Owner",
    "status": "PENDING"
  }, {
    "id": 106,
    "scheduleId": 23362,
    "reportName": "FX SI",
    "requestedOn": "2015-04-29T20:00:22Z",
    "requestExpiry": "2015-05-29T20:00:22Z",
    "initiatorId": "NY31415",
    "initiatorName": "Initiator",
    "receiverId": "NJ98111",
    "receiverName": "Receiver",
    "reportOwnerId": "NY31415",
    "reportOwnerName": "Owner",
    "status": "PENDING"
  }, {
    "id": 107,
    "scheduleId": 17916,
    "reportName": "RSI EXPORT",
    "requestedOn": "2015-04-29T20:00:22Z",
    "requestExpiry": "2015-05-29T20:00:22Z",
    "initiatorId": "NY31415",
    "initiatorName": "Initiator",
    "receiverId": "BB74011",
    "receiverName": "Receiver",
    "reportOwnerId": "NY31415",
    "reportOwnerName": "Owner",
    "status": "PENDING"
  }, {
    "id": 108,
    "scheduleId": 17528,
    "reportName": "RESP SI DATA",
    "requestedOn": "2015-04-29T20:00:22Z",
    "requestExpiry": "2015-05-29T20:00:22Z",
    "initiatorId": "NY31415",
    "initiatorName": "Initiator",
    "receiverId": "CJ74011",
    "receiverName": "Receiver",
    "reportOwnerId": "NY31415",
    "reportOwnerName": "Owner",
    "status": "PENDING"
  }, {
    "id": 109,
    "scheduleId": 17527,
    "reportName": "RESP SI PDF",
    "requestedOn": "2015-04-29T20:00:22Z",
    "requestExpiry": "2015-05-29T20:00:22Z",
    "initiatorId": "NY31415",
    "initiatorName": "Initiator",
    "receiverId": "DG74011",
    "receiverName": "Receiver",
    "reportOwnerId": "NY31415",
    "reportOwnerName": "Owner",
    "status": "PENDING"
  }, {
    "id": 110,
    "scheduleId": 17915,
    "reportName": "RSI PDF",
    "requestedOn": "2015-04-29T20:00:22Z",
    "requestExpiry": "2015-05-29T20:00:22Z",
    "initiatorId": "NY31415",
    "initiatorName": "Initiator",
    "receiverId": "QW74011",
    "receiverName": "Receiver",
    "reportOwnerId": "NY31415",
    "reportOwnerName": "Owner",
    "status": "PENDING"
  }]
}
