{
  "transfers": [{
    "id": 101,
    "scheduleId": 17920,
    "reportName": "TWE PDF",
    "requestedOn": "2015-05-29T20:00:22Z",
    "requestExpiry": "2015-07-29T20:00:22Z",
    "initiatorId": "BS70102",
    "initiatorName": "Brian Wilkins",
    "reportOwnerId": "BS70102",
    "reportOwnerName": "Phillip Barthel",
    "receiverId": "NY31415",
    "receiverName": "Sally Brown",
    "status": "PENDING"
  }, {
    "id": 102,
    "scheduleId": 24361,
    "reportName": "TAX",
    "requestedOn": "2015-04-29T20:00:22Z",
    "requestExpiry": "2015-05-29T20:00:22Z",
    "initiatorId": "NJ11001",
    "initiatorName": "Andy Lee",
    "reportOwnerId": "BS70102",
    "reportOwnerName": "Phillip Barthel",
    "receiverId": "NY31415",
    "receiverName": "Tom BeggsSally Brown",
    "status": "EXPIRED"
  }, {
    "id": 103,
    "scheduleId": 17534,
    "reportName": "TAX WITH DATAFILE",
    "requestedOn": "2015-04-29T20:00:22Z",
    "requestExpiry": "2015-07-29T20:00:22Z",
    "initiatorId": "NJ33441",
    "initiatorName": "Harry Levan",
    "reportOwnerId": "BS70102",
    "reportOwnerName": "Phillip Barthel",
    "receiverId": "NY31415",
    "receiverName": "Sally Brown",
    "status": "ACCEPTED"
  }, {
    "id": 104,
    "scheduleId": 17533,
    "reportName": "TAX WITH PDF",
    "requestedOn": "2015-04-29T20:00:22Z",
    "requestExpiry": "2015-07-29T20:00:22Z",
    "initiatorId": "BS11258",
    "initiatorName": "Mitch Brass",
    "reportOwnerId": "BS70102",
    "reportOwnerName": "Phillip Barthel",
    "receiverId": "NY31415",
    "receiverName": "Sally Brown",
    "status": "PENDING"
  }, {
    "id": 105,
    "scheduleId": 23363,
    "reportName": "FX SI EXPORT HERITAGE",
    "requestedOn": "2015-04-29T20:00:22Z",
    "requestExpiry": "2015-07-29T20:00:22Z",
    "initiatorId": "AA92810",
    "initiatorName": "Trish Luker",
    "reportOwnerId": "BS70102",
    "reportOwnerName": "Phillip Barthel",
    "receiverId": "NY31415",
    "receiverName": "Sally Brown",
    "status": "REJECTED"
  }, {
    "id": 106,
    "scheduleId": 23362,
    "reportName": "FX SI",
    "requestedOn": "2015-04-29T20:00:22Z",
    "requestExpiry": "2015-07-29T20:00:22Z",
    "initiatorId": "BS89001",
    "initiatorName": "Rodrick Hough",
    "reportOwnerId": "BS70102",
    "reportOwnerName": "Phillip Barthel",
    "receiverId": "NY31415",
    "receiverName": "Sally Brown",
    "status": "CANCELLED"
  }, {
    "id": 110,
    "scheduleId": 17915,
    "reportName": "RSI PDF",
    "requestedOn": "2015-04-29T20:00:22Z",
    "requestExpiry": "2015-07-29T20:00:22Z",
    "initiatorId": "BS98881",
    "initiatorName": "Nelson Niemann",
    "reportOwnerId": "BS70102",
    "reportOwnerName": "Phillip Barthel",
    "receiverId": "NY31415",
    "receiverName": "Sally Brown",
    "status": "PENDING"
  }]
}
