[{
  "id": "NJ97011",
  "name": "Jenny Brainin"
}, {
  "id": "NJ97107",
  "name": "Diane Garrison"
}, {
  "id": "NJ97099",
  "name": "Larry Salthammer"
}, {
  "id": "NJ97151",
  "name": "Cira Neira"
}, {
  "id": "NJ95003",
  "name": "BETTY GRANT"
}, {
  "id": "NJ95011",
  "name": "Phil DiPaolo"
}, {
  "id": "NJ97070",
  "name": "Noreen O'Keeffe"
}, {
  "id": "NJ97035",
  "name": "Anthony Valenti"
}, {
  "id": "NJ95005",
  "name": "DENNIS SACCENTE"
}, {
  "id": "NJ97070A",
  "name": "Noreen O'Keefe - 2nd ID"
}, {
  "id": "NJ95012",
  "name": "George Younan"
}, {
  "id": "NJ97019",
  "name": "Mohammed Azeez"
}, {
  "id": "NJ97132",
  "name": "Bob Mehta"
}, {
  "id": "NJ97023",
  "name": "Louis Reyes"
}, {
  "id": "NJ97123",
  "name": "Ray Tyrrell"
}, {
  "id": "NJ97032",
  "name": "Steve Newman"
}, {
  "id": "NJ95999",
  "name": "Carlos Corujo"
}, {
  "id": "NJ95998",
  "name": "Carlos Corujo"
}, {
  "id": "NJ95031A",
  "name": "Vincent Dancel - RD Local Admin"
}, {
  "id": "NJ95002",
  "name": "Sandra Maaser"
}, {
  "id": "NJ95033",
  "name": "Saroj Hariprashad"
}, {
  "id": "NJ95004",
  "name": "Carlos Corujo (R & D)"
}, {
  "id": "NJ97175",
  "name": "Julia Minnemeyer ( R & D )"
}, {
  "id": "NJ97054",
  "name": "Aliza Carballo-Baez (RD)"
}, {
  "id": "NJ95021",
  "name": "Rickey Nixon (R&D)"
}, {
  "id": "NJ95004A",
  "name": "carlos corujo"
}, {
  "id": "NJ97057",
  "name": "Denise Spencer"
}, {
  "id": "NJ97060",
  "name": "Tara Avenoso"
}, {
  "id": "NJ97227",
  "name": "Dana Razefsky (RD Web)"
}, {
  "id": "NJ97145",
  "name": "Robert Kern"
}, {
  "id": "NJ97098",
  "name": "Edwin Ortiz"
}, {
  "id": "NJ97266",
  "name": "Stephanie Chan (RD)"
}, {
  "id": "NJ95015M",
  "name": "Mario Mosconi"
}, {
  "id": "NJ97238",
  "name": "Maily Perez - rd"
}, {
  "id": "NJ97245",
  "name": "Kerrin Duffy - rd"
}, {
  "id": "NJ97170",
  "name": "Linda Wilhelm - rd"
}, {
  "id": "NJ95030",
  "name": "Ovidio Rivera (R&D)"
}, {
  "id": "NJ95031",
  "name": "Vincent Dancel (R&D)"
}, {
  "id": "NJ95032",
  "name": "Bernadine Valente"
}, {
  "id": "NJ95004B",
  "name": "Carlos Corujo (Local Admin)"
}, {
  "id": "NJ95023",
  "name": "Victoria Oquendo"
}, {
  "id": "NJ95023A",
  "name": "victoria oquendo - NJ95023A"
}, {
  "id": "NJ95024",
  "name": "Tisha Martinez"
}, {
  "id": "NJ95034",
  "name": "Rafael Ruiz"
}, {
  "id": "NJ95015A",
  "name": "Mario Mosconi"
}, {
  "id": "NJ95004K",
  "name": "carlos corujo"
}, {
  "id": "NJ95013",
  "name": "Lodeika V (R&D)"
}, {
  "id": "NJ95004S",
  "name": "Logon Incorrectly To Assure Disable Option WK"
}, {
  "id": "NJ95810",
  "name": "carlos corujo"
}, {
  "id": "NJ95004P",
  "name": "Carlos Corujo"
}, {
  "id": "NJ95004R",
  "name": "Are Restricted Product available being type CE"
}, {
  "id": "NJ95004G",
  "name": "Carlos Corujo"
}, {
  "id": "NJ97267",
  "name": "Jennifer Payea (RD)"
}, {
  "id": "NJ97193",
  "name": "Anant Gala (RD)"
}, {
  "id": "NJ95015",
  "name": "Mario M Mosconi"
}, {
  "id": "NJ95800",
  "name": "Carlos Corujo"
}, {
  "id": "NJ95801",
  "name": "carlos corujo"
}, {
  "id": "NJ95004D",
  "name": "Carlos Corujo"
}, {
  "id": "NJ95004E",
  "name": "Carlos Corujo"
}, {
  "id": "NJ95004PSW",
  "name": "carlos corujo"
}, {
  "id": "NJ95004C",
  "name": "Carlos Corujo"
}, {
  "id": "NJ95701",
  "name": "John Doe (ISM CCORUJO TST ID)"
}, {
  "id": "NJ95004V",
  "name": "carlos corujo"
}, {
  "id": "NJ97192",
  "name": "Conlyn Mei (RD)"
}, {
  "id": "NJ97236",
  "name": "Dorota Malkiewicz RD"
}, {
  "id": "NJ97279",
  "name": "Lolita Espina (RD)"
}]
