[{
  "id": "BS74010",
  "name": "Kristen Alves"
}, {
  "id": "BS74007",
  "name": "Stanley Zygmunt"
}, {
  "id": "BS74011",
  "name": "Dan Zinner"
}, {
  "id": "BS74006",
  "name": "Eric Macy"
}, {
  "id": "BS74008",
  "name": "Phi Du"
}, {
  "id": "BS74004",
  "name": "Andrew Lippa"
}, {
  "id": "BS74009",
  "name": "Tabitha Hickerson"
}, {
  "id": "BS77127",
  "name": "Paula Garland"
}, {
  "id": "BS77101",
  "name": "Helena Racette (RD Web)"
}, {
  "id": "BS77155",
  "name": "Gisselt Sanchez"
}, {
  "id": "BS77163",
  "name": "Frank Donohue (R&D)"
}, {
  "id": "BS77081",
  "name": "Julie Feeley (QC)"
}, {
  "id": "BS77159",
  "name": "Mathew Wallick (rdweb)"
}, {
  "id": "BS77083",
  "name": "Kyle Messier"
}]
